JobTitle,JobCompanyName,JobLocation
Associate Data Engineer_Azure,null,null
DevOps Architect and Engineer,Genworth,Remote in Noida  Uttar Pradesh
Junior Devops Engineer,ixceed solutions,Remote
Expert  Cloud/DevOps Engineer,CoverSelf,Bengaluru  Karnataka
Staff Engineer  DevOps,Schneider Electric,Bengaluru  Karnataka
Cloud DevOps Engineer - L2,Nagarro,Remote
DevOps Engineer,null,null
AWS DevOps Engineer,Zensar Technologies,Remote in India
Devops Engineer Specialist,Codelynks Software Solutions,Kochi  Kerala
DevOps Engineer,Astracloud,Remote
SW Engineer: DevOps,NASDAQ,Bengaluru  Karnataka
DevOps Engineer,Tata Consultancy Services,Bengaluru  Karnataka
DevOps Engineer,null,null
Junior DevOps Engineer,Qualcomm,Bengaluru  Karnataka
DevOps Engineer,TECH NEXT,Remote
DevOps Engineer,null,null
Entry Level DevOps Engineer,WEBREATHE,Remote
Junior Devops Lab Engineer,Comprinno Technologies Pvt. Ltd.,Pune  Maharashtra
DevOps Intern,KodeKloud,Remote
DevOps Engineer,Millipixels Interactive LLP,Mohali  Punjab
Cloud DevOps Engineers,Golden Hippo Technology Pvt Ltd,Madurai  Tamil Nadu
DevOps Engineer,null,null
DevOps Engineer,KLX Cloud IT,Remote
DevOps Engineer,Terralogic Solutions Inc,Bengaluru  Karnataka
DevOps Engineer,TrueLedge,Coimbatore  Tamil Nadu
DevOps Engineer,D3V Technology Solutions,Remote
Devops,Mazenet solution,Bengaluru  Karnataka
DevOps Engineer (EST Time zone),null,null
Junior DevOps Engineer,Citi,Chennai  Tamil Nadu
AWS Devops-Consultant-Hyderabad/Bengaluru,Tata Consultancy Services,Chennai  Tamil Nadu
Senior Devops Engineer,null,null
Devops Engineer,Telstra,Bengaluru  Karnataka
Cloud DevOps Engineer,Leegality,Remote in India
DevOps Engineer,Other Side Consulting,Bengaluru  Karnataka
DevOps Engineer,SmarTek21,Remote
DevOps Engineer,DYNE IT Services,Remote in Goa
Devops,null,null
DevOps Engineer,Avataar,Bengaluru  Karnataka
Cloud Engineer,Infosys,Bengaluru  Karnataka
Cloud DevOps Engineer,Josh Software,Bengaluru  Karnataka
Devops Engineer - HOPE,Avis Budget Group,Bengaluru  Karnataka
Devops Engineer (Res- 1),GITS Solutions,Bengaluru  Karnataka
DevOps Engineer,null,null
DevOps Engineer- I,InOrg Global,Remote
DevOps Architect (ATC),PureSoftware Technologies Pvt Ltd,Bengaluru  Karnataka
DevOps Engineer,null,null
Cloud Engineer - AWS DevOps,LSEG (London Stock Exchange Group),Bengaluru  Karnataka
AWS Cloud DevOps Engineer - Pune /Ahmedabad,Blazeclan Technologies,Bengaluru  Karnataka
DevOps Engineer,Rapsys Technologies,Pune City H.O  Pune  Maharashtra
DevOps Engineer,Wipro Limited,Hyderabad  Telangana
Junior DevOps Engineer,Funfull Inc.,Ahmedabad  Gujarat
Salesforce DevOps,null,null
DevOps Intern,MyVerkoper,Shaikpet  Hyderabad  Telangana
DevOps Analyst - HYD,Virtusa,Hybrid work in Andhra Pradesh
Devops Engineer,Shyena Tech Yarns Pvt Ltd,Pune  Maharashtra
Devops Engineer,Deloitte,Hyderabad  Telangana
DevOps Engineer,Cubensquare,Bengaluru  Karnataka
DevOps Engineer,null,null
DevOps Engineer,Colruyt IT Consultancy India,Coimbatore  Tamil Nadu
DevOps Engineer,KoiReader Technologies,Bengaluru  Karnataka
Senior Associate  Full-Stack Engineer,null,null
Devops Engineer,BNY,Pune  Maharashtra
DevOps / Cloud Engineers,S4S Technocrats,Bengaluru  Karnataka
Junior DevOps Engineer,Wolken Software,Bengaluru  Karnataka
Lead DevOps Engineer,Flycatch Infotech Private Ltd,Kochi  Kerala
DevOps Engineer,Barclays,Pune  Maharashtra
Azure devops-WK,null,null
Sr. DevOps Engineer,Comprinno Technologies Pvt. Ltd.,Pune  Maharashtra
DEVOPS ENGINEER,Virtusa,Hybrid work in Bengaluru  Karnataka
Developer Associate - DevOps,Weboconnect technologies pvt ltd,Remote
DevOps Engineer,Swathi Business Solutions,Bengaluru  Karnataka
Cloud DevOps Engineer,SAP,Bengaluru  Karnataka
DevOps Engineer,null,null
Associate- DevOps Engineer,Photon,Bengaluru  Karnataka
Cloud DEVOPS Engineer,Solwyz Technologies Pvt Ltd,Technopark  Thiruvananthapuram  Kerala
